,F1,F2,y
0,5.17215582763645,2.8279897273380845,1
1,2.669362463623152,0.8842263213135066,1
2,-5.799248996243588,-10.868069262158052,2
3,5.423585463331557,3.4862626997172024,1
4,1.1242260015520427,4.766143118464425,4
5,-4.294335396684538,-8.37822826613256,2
6,-9.155398205298148,7.837834625041353,3
7,1.2352649976545527,3.8685409326785702,4
8,3.9055504634364184,2.658294069659817,1
9,0.6218363804163711,3.212608597186117,4
10,1.5756247249309103,3.0470153563960243,4
11,-5.448028586337774,-3.4644562244009647,2
12,-9.148082829656092,6.935984295654214,3
13,-4.668226187128273,-7.612113631290522,2
14,-7.79939423582298,7.742532528067792,3
15,-7.1465825522199555,-6.575703570824334,2
16,-3.7963915509800747,11.184194295222877,0
17,-8.758509381780092,7.699552105907263,3
18,-1.3702735187352126,7.2910760851907845,0
19,2.9980364011792053,3.694104270262495,4
20,4.2548064602158,-1.2495199466890865,1
21,-2.158507632568523,9.499313621494087,0
22,-8.194366756521248,6.374721397845755,3
23,-6.646594099652992,-6.190677823664538,2
24,-1.6332633361817415,7.814265549215526,0
25,2.5698580921363234,3.5744253444304324,1
26,-2.073927031215544,11.079784831927695,0
27,-10.329486884941531,6.896208329402168,3
28,2.3962775462802526,4.873666588442816,4
29,-10.476485993119114,4.800750302886676,3
30,3.95723012252661,1.3675882209932628,1
31,-9.610929160885435,10.905001915434255,3
32,1.3460147625073604,4.366961772700678,4
33,-10.500965543277328,7.7572719098165415,3
34,-1.065798291558419,10.318078294961,0
35,-8.451438021338488,-6.3447359486182755,2
36,3.563643723862175,6.90313799182974,4
37,1.9454486340013748,4.561227260721629,4
38,3.8380926000497286,4.129436268702474,4
39,-3.350091788939077,8.605914878487734,0
40,0.37164452724045227,5.824202699767098,4
41,-9.094382774182787,9.248349902306161,3
42,-6.489546616928994,6.548499377107511,3
43,-5.626356683112445,-5.990869070921189,2
44,-7.163043675332099,6.469826849451568,3
45,-6.612088495923405,-6.815098425857339,2
46,1.7251776651908908,4.348208599546785,1
47,4.679524562810747,2.0148282792347754,1
48,-5.3443972443734005,9.27532216887552,0
49,-6.796144673263027,-7.78582108206375,2
50,3.6537976694682386,0.0013238690317485258,1
51,-10.531900396613562,8.163423137493389,3
52,-5.8609458300594985,-6.807385353145728,2
53,-2.4114747040667237,8.474847092591858,0
54,-1.3711906566782062,9.895766506891379,0
55,-0.2238217975484611,7.012088199053435,0
56,-2.009375942701684,8.044212694833405,0
57,-6.907120109648623,-6.10662365709194,2
58,-9.058841849274922,-7.479470818628224,2
59,-3.618726656858531,8.853655110144663,0
60,4.55212810004566,3.3103689326424655,1
61,-9.686189512267621,9.879936514464413,3
62,-7.737531357829411,-7.422891777186324,2
63,2.487072697660796,4.428151107611602,4
64,-7.826576414034248,-4.358792987200805,2
65,3.8105273422936845,0.7635826063889897,1
66,-11.409015278980625,8.034710773176265,3
67,-8.846827032791861,8.497409999731001,3
68,5.699662899531594,0.6821382300920564,1
69,6.0806967284840026,2.634806159318992,1
70,-9.844097928432888,8.576417043220921,3
71,-6.700281010276165,-7.83358191374078,2
72,4.793031548674952,2.9892429573989006,1
73,-5.979815327336709,-5.019296051090543,2
74,-8.630193316553054,6.851602555933448,3
75,-2.3732890539654936,10.370389114944366,0
76,-8.084069367211093,6.034579885187591,3
77,5.9335166631177625,1.7143066929205473,1
78,3.085072652575941,4.4263483047338035,1
79,-6.892037188011772,8.10445734439131,3
80,-4.003866224188382,8.81495484916851,0
81,6.942833635129898,1.6245192285618024,1
82,-7.113592503594866,-6.674710432269294,2
83,-5.328171247718747,-8.335977891251689,2
84,-10.272189310696897,9.919252508366567,3
85,5.3305238974613465,2.2319402571135556,1
86,-2.8139513075708584,10.552573720980387,0
87,3.7263221640198707,6.291294028612341,4
88,-2.380732535903047,6.231689647757072,0
89,-9.369106594018492,7.0385104113553965,3
90,2.833933576590626,0.16005940305166955,1
91,-10.383041005279434,4.309476085365228,3
92,2.3908539878675,2.258018774154844,1
93,2.9109102908506532,5.7150313346596215,4
94,0.05345578572360843,4.045103754240737,4
95,-8.692181257160538,-5.25495209094602,2
96,-5.195477324471408,8.977166702569418,0
97,-2.8005687735529357,8.324084819675956,0
98,-6.769537924708743,-9.677590551620897,2
99,-10.260478303205765,7.409874705285864,3
100,-6.363484558729208,-7.430783930534251,2
101,0.724005846997372,4.495168131749608,4
102,4.263434669451339,0.4240334117023936,1
103,-6.263606961076604,-7.582985507369602,2
104,-3.895948478235714,8.221469306754441,0
105,4.584501620828784,2.927270660262406,1
106,-2.6695534064064153,10.747228964961169,0
107,-5.501575833284053,-7.179693975191659,2
108,1.2728407745286838,4.034704960695084,4
109,-3.664893698562266,8.56434594988413,0
110,-2.3873317275193107,8.595675837546107,0
111,6.772252544405621,2.727643745099254,1
112,-7.9351776155646165,-7.27305470088943,2
113,-6.948876384664676,-5.935362304242702,2
114,-10.301060628265457,4.570623690372301,3
115,-2.190753714606969,10.844285984193721,0
116,-10.7519579344176,7.0088513528489464,3
117,-6.693469647345644,-7.860278734190789,2
118,-2.028132017656904,6.5460299106904944,0
119,-0.967643664705998,8.554299503044899,4
120,-7.556088238370394,-4.6765281246699,2
121,0.5565264834519907,7.882668528701109,0
122,-5.779506969040105,-6.284469006776996,2
123,-7.141247492977173,-7.495733074859792,2
124,-8.631782385017893,-4.858839147573383,2
125,-7.662117777331494,-6.352012968185617,2
126,-8.876848623706902,9.804675150836346,3
127,-6.6277753795364,-4.931306392393507,2
128,-0.8807683700358069,9.028612413625744,0
129,4.295838546507779,1.5913566862939934,1
130,4.950866116515299,1.3029216136118638,1
131,-9.98380619342724,7.318798675123371,3
132,4.748194466934767,0.7673718020811628,1
133,1.1448961204382244,5.368802417256771,4
134,-7.7719691693803945,-5.215486449725374,2
135,3.258653922870198,4.052479480102986,4
136,5.192111835557717,1.383791410792364,1
137,1.8366129899285726,2.797110529382011,4
138,-2.230514049249892,8.17398250017601,0
139,-9.097730479064802,7.141773935871907,3
140,-4.944604603698732,-5.971915750650447,2
141,-2.5358203141165148,7.610745017705389,0
142,2.302711442658181,2.7338739532726413,1
143,-2.671105218396287,8.592740954373317,0
144,6.121673117817524,-0.4890655970516278,1
145,5.003490338638176,0.7071264087945601,1
146,-6.021743724063673,-8.354891381719066,2
147,4.80829272062476,2.6933840516229806,1
148,4.48261956666094,1.6638122445942198,1
149,-0.6287602988711241,4.460062746243023,4
150,-7.015889951477693,9.509638590916296,3
151,-6.811223092695284,-6.823281225590511,2
152,5.5257734487769,5.152139684866886,1
153,3.897518170506684,0.8631477187734502,1
154,-0.9092456827317215,10.066992373959806,0
155,5.470220597383839,1.5398046689011458,1
156,3.4140132814894413,0.037250060590661604,1
157,-2.8167382660252667,9.514243728314767,0
158,-8.651370489940815,7.110065144565942,3
159,4.3053515706151275,0.702580557082495,1
160,-5.818096258064306,6.47552202329403,3
161,2.4921189971982303,3.7619172345986445,1
162,-8.463978516935347,7.773899844173123,3
163,0.731324370290162,6.400114858569875,0
164,-8.641087010960325,4.847707803710711,3
165,2.2704283546273545,4.114540131185591,1
166,3.0566349081066795,5.022966033539183,4
167,-8.80921656589044,6.304318797777915,3
168,-3.1741210586780886,8.099625202595124,0
169,3.7273082853050785,2.0395278237837116,1
170,-7.127353309642939,-7.997725735629782,2
171,-3.1252599044285274,9.19732293639885,0
172,-3.873751961371,10.116204573437754,0
173,-9.24976673102481,-7.017785070788596,2
174,1.2719514117045083,5.292732473514512,4
175,-6.062127731694921,-7.38311852037783,2
176,-9.083271416009582,6.265479692208721,3
177,-9.097091144031282,-5.815529074673931,2
178,5.241344343013721,2.2639324459690875,1
179,2.892500880662647,3.643997085459821,4
180,3.571316017068578,-0.5536652569895946,1
181,-2.2667443268610956,9.553730459818693,0
182,4.017868272121545,2.501390374203525,1
183,-6.97885595804733,8.102244928659626,3
184,3.379540315601607,4.759523662541268,4
185,1.1175820010828514,6.646886805574225,4
186,5.857327124376026,3.8710626862676634,1
187,-4.774869568677259,-5.651802386470006,2
188,-7.910293980501633,8.966386315978157,3
189,-2.3696857119300523,8.309420212435644,0
190,-5.591266400661638,7.874167890650824,3
191,-6.176840768778392,10.164949634323635,0
192,5.381604685309497,3.9913657528617925,1
193,1.7075018603328656,3.251447942768065,4
194,4.282910731838904,4.078759867956496,1
195,-2.4192055963191024,7.505443439097293,0
196,1.3708655953721012,4.013123859895119,4
197,-6.479415644136403,-6.411870087294112,2
198,-2.1954681485181666,9.031915489292833,0
199,5.153116380763689,0.6573379830824346,1
200,-7.752903736125397,-4.200465697862446,2
201,-7.559309279909462,6.199072384546221,3
202,-8.90684665173401,-9.958437932544062,2
203,-4.890921243965473,-7.679154404525214,2
204,-8.278764624182312,6.411623264190142,3
205,0.7126860520017422,5.681826518565954,4
206,1.7981143210708792,5.101327662951561,4
207,-0.037561686659214555,9.581260523543659,0
208,1.0770506499000416,3.959125416919184,4
209,3.5565739574830992,0.2306530993047482,1
210,-3.13431855594658,10.213244440251183,0
211,-8.6135241831662,7.327787343713483,3
212,-8.080279937149307,8.386340139922408,3
213,3.528710228902213,4.191287864061628,4
214,5.211432694228362,-0.4104473619922442,1
215,-4.522128423110254,-7.522547561292463,2
216,-6.7043128874442,-7.4812773508513,2
217,-6.344917558027095,-6.2780512872084495,2
218,-6.695276591354834,9.029789507874947,3
219,2.399077952607326,3.6809823702245343,4
220,-8.265106582349743,-5.563029930092444,2
221,-5.505155509363038,-7.334873530188018,2
222,-3.806900283262066,8.930950629711802,0
223,-4.920529579930867,-5.5856224371980705,2
224,-2.403071241581533,8.066259732081365,0
225,1.4113599881269796,4.0079978304247454,4
226,-7.328113422623319,-6.286277268313263,2
227,2.751871634595249,5.064753376250989,4
228,3.9080666075014463,3.4417826001123766,1
229,4.969739217580094,3.0523809553824854,1
230,-1.2497577974461993,9.444505457425574,0
231,5.801046649884986,-1.122419748670307,1
232,-2.057391638579425,7.856162807225069,0
233,5.218687700741283,4.600683821522024,1
234,4.535672035488036,2.842110620511681,1
235,-9.155405495025775,5.980307984085831,3
236,-3.1887065900134948,9.128909923339172,0
237,-2.502038783753305,8.685864141473116,0
238,-8.056670079105599,7.429930463476079,3
239,3.4381779439744022,2.9536035151133198,1
240,2.7417712243866568,4.412866050636346,4
241,-8.385892956777317,7.116879294680567,3
242,-8.2675764803901,-9.894855752321147,2
243,-0.9902413269968511,3.1546369089815207,4
244,-4.812470701535016,-4.9479816974695146,2
245,-9.109818418095607,-6.263444960131388,2
246,-6.935848322053351,-8.883194736241213,2
247,-6.04697111281987,-5.685327810983516,2
248,-9.522716947136795,5.756058508894087,3
249,1.7602982638578073,5.541473549872717,4
250,-5.482413037347757,-10.93486712274711,2
251,-6.118586974719065,-7.398969658196495,2
252,1.5536147699150185,3.5963437073821134,4
253,4.460794208155028,0.6354130671001361,1
254,3.6867789549286756,5.153076942002398,4
255,-3.654706579579612,11.943628314157966,0
256,-7.748622250002717,6.551862912638756,3
257,6.870340113523257,1.2574677369370728,1
258,1.1795765360498964,0.8575163262820646,1
259,-0.7204667689489554,8.18608618382816,0
260,3.7837539120393737,0.0038441483532209997,1
261,1.8423477188496726,1.5268628922242145,4
262,5.096465067367067,0.221610677001308,1
263,-9.652681036164111,5.90286349252869,3
264,3.7122055737039164,2.772007819971155,1
265,-8.876554111949915,6.016947772796229,3
266,-8.185325781229073,7.273624840282226,3
267,-10.828862690074592,9.425390028236384,3
268,-5.924979105674434,-4.2947193372455,2
269,-4.708926501211563,-8.277805250310253,2
270,5.802348979390045,0.7746523276683179,1
271,7.524925931062883,4.430646863361218,1
272,-8.95408071681579,7.153076403762106,3
273,3.2421164513043177,2.277080003575461,4
274,-1.5484333565284314,6.756483908532809,0
275,0.7542750136565093,3.246178681812561,4
276,-6.598088525750316,-5.40919343886529,2
277,-3.154091902396453,10.494257244904803,0
278,-7.765815366897444,9.041229428936735,3
279,0.6232771096513006,3.4547666662014045,4
280,0.940271499911123,4.731324757895258,4
281,-6.97986895433096,-6.932220724389725,2
282,3.6218867900732854,1.6266435941686255,1
283,3.7942912120747563,2.948806768420608,4
284,-6.732101482546926,-8.747745286161432,2
285,-10.436692516422918,7.052399672507097,3
286,5.635222791712989,2.5951383200211877,1
287,3.8769921146955717,2.5319602440336313,1
288,4.291329028357398,3.33336901527683,1
289,-0.9929258826073624,10.489609001047185,0
290,2.8436715569295603,3.4965864366493746,4
291,-1.7784794311890937,9.430064670724782,0
292,-10.758989356739908,5.064536958471265,3
293,1.150591128435943,4.433901993253048,4
294,2.813621535521307,2.910711252302786,1
295,-8.670915240856196,5.961226398264525,3
296,1.9853321751216777,4.553677178268359,4
297,1.2540853640268295,4.291434417518469,4
298,-3.7804313287824454,7.037060946328913,0
299,5.061620039361115,3.9152114185156375,4
300,-9.781214630577427,7.714114742612026,3
301,-7.104731456628921,7.35330312292919,3
302,-4.6801264265453355,9.11027429292676,0
303,2.7406483523106915,3.7980862073034247,4
304,4.998320464267527,3.3489370614644516,1
305,-9.34926157799605,6.148629381224095,3
306,-9.996954065544218,7.4441243517636275,3
307,-1.371661471700873,10.913022168197474,0
308,-8.595699119354547,-8.930234425569694,2
309,-9.38177530259373,7.562105626824386,3
310,-8.29431771029266,10.81372223990461,3
311,-6.928186033492763,-6.552208967724818,2
312,1.8985920919767063,3.6434361140859304,4
313,2.940561322005841,4.434082228527194,4
314,2.246099183660536,2.722706358624568,4
315,-7.806746300706603,6.929664335533205,3
316,-7.329916262855606,-3.9726624162907695,2
317,-6.764429606165677,-5.388437068184455,2
318,3.833985879495218,2.143983424444238,1
319,-8.285424264604165,-7.955026184421726,2
320,3.8483765748935888,1.833962772670965,4
321,-4.741396345364864,8.17516109606304,0
322,-5.730952137474961,-6.16992594972573,2
323,2.4961776157105433,3.747889581726268,4
324,-8.569458993549967,6.890759865615201,3
325,-6.020702029328687,-8.312019184553714,2
326,0.613140643472678,5.757281541501572,4
327,-7.013040936493003,-6.489479457197472,2
328,-9.514168687690855,5.988862863936506,3
329,-2.1453617111049574,10.108838148686555,0
330,-1.4017528971924846,7.7411436914856875,0
331,-7.508951967018158,5.244665759668838,3
332,-2.0082953185651538,9.79938446511385,0
333,-2.721696756102567,9.837930217276728,0
334,6.971543058475708,3.3932877749661143,1
335,2.0239879003712895,3.017527472425442,4
336,-12.146433166394583,5.909899928904791,3
337,-9.458922908304125,6.084799115861042,3
338,-7.128880582900516,8.138459700354765,3
339,-2.4453970471874107,8.102045641550177,0
340,-9.186495333292976,9.573806721926692,3
341,2.847277742733305,4.429881538718842,1
342,4.683967194918386,4.07652641658044,4
343,-7.139990976665153,7.52192659459457,3
344,0.9828414148869082,2.3134200402119207,4
345,0.7571176298419964,4.615554550331153,4
346,-6.429727089520888,-6.289420537346548,2
347,-9.015362430445904,-7.848780891109689,2
348,-0.4572893465625745,8.698199307517172,0
349,4.594024257925704,1.2123750043534611,1
350,-7.217357672150132,-6.387232038155931,2
351,-9.775029590759893,8.77938947785321,3
352,-3.1579823929901973,8.362264473199962,0
353,-1.743261289414697,8.73121641479087,0
354,-3.7465980337343363,9.229501276522061,0
355,-1.4629865758801837,9.868804499805172,0
356,-2.8220455225089416,10.01388681992725,0
357,3.762124955325227,4.510597665136432,1
358,-1.3583133990604643,11.669796303913849,0
359,5.1051184529995295,0.925288532761557,1
360,1.425399600176415,5.769275548796365,4
361,0.8642375361099015,1.8971568708157949,1
362,3.7346767982885645,0.4590024788805791,1
363,2.587522361335429,4.127577706973626,4
364,5.949828586634547,3.753346816932554,1
365,-7.650054406534858,-7.8203823083892186,2
366,-6.669040723950263,-6.369164189823231,2
367,4.901352306496011,0.9156335786460805,1
368,-8.714558115827424,9.39206502897607,3
369,-5.969345542009145,-7.018955802567083,2
370,-5.331890885010093,-5.218267165491414,2
371,-10.90880395291979,7.580226803189521,3
372,-7.843037674400083,-3.7266994657939145,2
373,-7.755414973264611,-6.325984646463574,2
374,-6.839384439042526,-5.090276985625729,2
375,5.447779814280858,1.6889061434805424,1
376,4.894491593309994,2.3206785047612026,1
377,-7.005257163153387,-4.863945491646685,2
378,-0.8871638124423846,7.865330882505927,0
379,3.3473522916728355,0.080811236077865,1
380,-3.4920719544810437,8.555559122961446,0
381,2.418903255028775,3.7989845927352004,4
382,5.364601464884873,0.9571283455258803,1
383,-7.046971899149452,7.580143430330316,0
384,-8.119287607438407,6.577741739972027,3
385,-7.488896993123137,10.418255117726595,3
386,2.2581456016416355,6.0060881057720525,4
387,-7.512856038099978,-10.273540650556486,2
388,-7.367740179322273,-7.369070379321747,2
389,3.3092207432694605,3.2260498361663172,4
390,-3.7669781629404513,9.70297296830743,0
391,-0.7487194996619269,5.208525914485456,4
392,-12.232264121018128,8.561186470404174,3
393,-9.359417243135484,8.847770983084564,3
394,-5.484853643925274,-7.571368809701784,2
395,-4.177022519136458,9.933461180285683,0
396,-7.163127654305723,7.101581513260945,3
397,-3.996422822269297,9.677315531087576,0
398,0.5204599988284466,4.496397165676518,4
399,-7.5344088729879175,-6.395004158852944,2
400,-0.08430828877922725,5.225529905086352,4
401,7.274713131293149,3.8567577485577007,1
402,4.303423278806712,1.4484205533712955,1
403,5.533908278516424,-0.3529584032358115,1
404,-4.240928618282065,7.165646869880335,0
405,-6.698471959658466,8.034492974304177,3
406,-3.4612322332626375,9.339441304223726,0
407,-5.7027262225670565,-7.793783164299294,2
408,4.707809115350859,0.8098395209652791,1
409,-8.04492499349719,-6.220127814334981,2
410,-3.9742619694758985,-7.844972538601342,2
411,-1.8878504236480305,10.098773802999393,0
412,-3.6603061768457543,9.355448224286999,0
413,-10.067503378095196,6.165890419842899,3
414,-7.603831021291791,-4.907023177016135,2
415,-3.166461763361683,9.773870189218671,0
416,1.6599857471302324,6.399557594627512,4
417,-8.672053349290522,-5.658669333683744,2
418,1.8842768496662092,4.187841028043696,4
419,-6.679373823040985,10.132052958921475,3
420,-5.9596377747195595,5.779031203488347,3
421,-0.8579814540429485,8.357440215251735,0
422,1.7267179005054034,2.7794002179092514,4
423,5.525249670905831,3.334745913418154,1
424,-2.852740985456769,7.959055498097836,0
425,4.740071568335251,1.3044492584695688,1
426,-2.14862707604088,8.910061846125688,0
427,5.177570464743131,1.9273970366090016,1
428,-1.17860424959228,8.206621010270958,0
429,-0.4599452206254582,5.928141656920497,4
430,-9.007655164686904,7.910868336968542,3
431,-8.591309579247895,6.809683940782052,3
432,3.423115480124345,3.222583263213606,4
433,-8.86824196872382,6.27742656469175,3
434,0.461821052764936,10.459737492969927,0
435,-1.3536147344695084,10.153199618599215,0
436,-8.427346651602729,5.424308389025937,3
437,-6.902619245653123,-5.216359010448629,2
438,-2.9889979461902274,7.891097951288055,0
439,-4.620431414469165,-6.245161571156375,2
440,-8.961922624327768,10.935115988214749,3
441,-9.032166134213293,5.609505384693591,3
442,-8.825028644620303,-9.183667839015595,2
443,-6.496726415063225,7.910149528611166,3
444,-3.271333437388006,9.169577753792135,0
445,-6.320714819503879,-5.974035277692109,2
446,-5.593983942748032,-9.078810438348395,2
447,3.684640707054827,7.7868406547469675,4
448,-5.386282625726455,-5.243095766652004,2
449,-2.003243775340971,11.167537321250679,0
450,5.636139665552547,0.3986707553677151,1
451,-7.65273945314463,-5.994005048418232,2
452,5.113773806720281,1.3917666044796102,1
453,0.49574152644419134,6.136756887565687,4
454,2.2877144981024164,5.562916085514907,4
455,0.4210835446152492,4.313435144008041,4
456,-6.733745645618644,-6.967739972335278,2
457,2.7009261790764403,2.976552238933686,4
458,3.254432087866088,1.7970679958012246,1
459,4.262709268005721,2.977728842055079,1
460,3.373092521200616,6.423267508888433,4
461,-4.368658091510553,9.289891858415094,0
462,-7.826993855677131,6.80155650257023,3
463,-6.420578364909243,6.76403225563826,3
464,3.310720391863381,5.658504574713079,1
465,-4.49071666192333,8.42538267632682,0
466,6.2488614930280475,0.9887226887644897,1
467,5.630731545865767,1.1857161976887574,1
468,-1.2879487316438007,9.270964936232014,0
469,6.290894893917458,2.0676955579148846,1
470,-7.60428300980191,-6.566806460981489,2
471,-7.46788873508547,-7.274608045680656,2
472,-6.945316001582127,-6.212252435163577,2
473,1.6778127514822476,2.9809063224782406,4
474,-6.500461450544042,7.876063057250876,3
475,-2.030739256964727,11.640925303100563,0
476,-0.33451323424515467,3.033233462826245,4
477,5.313291760659499,2.286607317931516,1
478,3.222932710863867,-0.3436296566713448,1
479,1.838540480934949,4.269044192063184,4
480,4.2838262001213945,3.710202899025033,4
481,-8.75901786178006,8.065092771598126,3
482,-6.82642232171579,-6.712065735870381,2
483,3.5809877928300766,-0.017985509496011742,1
484,-6.474791089680325,-3.4426893974006947,2
485,-0.4401459604146276,8.288707822615216,0
486,-9.825344354697783,7.245446206777915,3
487,-6.081952998826185,-6.253317609251706,2
488,1.1648879103675627,4.667556491209451,4
489,0.9194029821926413,3.2922649183693466,4
490,4.134526204081389,3.596231408650679,1
491,-1.5429960346571927,8.45257746755815,0
492,5.5104127833321765,-0.22514492390590668,1
493,-8.52376914058337,8.629150080121029,3
494,2.9833169184960164,-0.8817553649234084,1
495,4.169780257221922,4.309799819345882,1
496,-2.4909949744236806,11.049233836218566,0
497,-9.1371477759383,9.410539507088636,3
498,-1.1735951541622671,9.92623388002644,0
499,-9.841879005479937,4.71037165159642,3
500,-2.1662444235005385,8.30456568267874,0
501,3.0138004274233556,4.487954139689811,4
502,-4.461066753010274,-6.269256455732302,2
503,2.1947869643624554,4.933531082377564,4
504,1.1213304696197288,5.603396700534534,4
505,-9.742677607410359,6.2046541061883485,3
506,-8.978543463707943,7.038379665250951,3
507,3.728979239457544,1.2911941466701575,1
508,2.474611217226616,3.808156652944106,4
509,-3.168651250918402,9.339156040499013,0
510,4.276450944319055,-0.13123045042461667,1
511,-8.407958379703269,8.465555013053718,3
512,3.8323989734324355,3.0307174000967905,1
513,6.321578327257624,1.40186416171056,1
514,-7.863385330196609,8.660950207497418,3
515,-2.3724510850843856,7.932072430800669,0
516,-9.072298155936986,7.719134846182323,3
517,-8.810674110371608,-7.903411649194633,2
518,2.4264713158559754,4.525902130200618,4
519,-4.924082588570996,8.22708358726096,0
520,-1.1440299962678986,8.808405794095327,0
521,-3.571983349227927,9.224837429265012,0
522,-1.2276346582698465,9.47453768172188,0
523,5.097577159497929,1.666428943608322,1
524,1.7865044869791062,0.5618488486563664,1
525,2.062654912363798,0.18176193051075007,1
526,-7.8624155540807275,-7.808170877847274,2
527,5.1594830589479335,1.1275904225385833,1
528,-6.399811706222485,-6.240655086460649,2
529,-7.791612396211498,-7.557549760951996,2
530,-8.281895205004151,-7.273650003316283,2
531,-3.531710907456741,9.317328153613087,0
532,-3.6697906383436516,8.230032671922563,0
533,3.765132827454151,2.0096971542358992,1
534,3.9204651519567304,0.49027075329619985,1
535,-8.823834088855277,5.48695219020848,3
536,4.0315841178228595,1.5403287110846369,1
537,-2.1218305039907235,10.172342676848755,0
538,-0.4914150183601884,7.004079116547107,0
539,-7.6569065285217475,-4.24648969605912,2
540,-6.505756818934308,-5.634626479403135,2
541,-8.601222602985501,5.344322619831731,3
542,-8.046614252751848,4.858455052680558,3
543,2.199231646229152,6.8759521546025075,4
544,-10.724304561977585,5.963263261583791,3
545,-3.169902235157957,10.538816963952634,0
546,2.3775357609565786,4.816221996392516,4
547,4.665664567093474,4.320181921126128,1
548,-4.437934738192677,7.701331072317149,0
549,4.778944063829018,3.0251116566612364,1
550,-7.726357205165453,5.567517723061754,3
551,-9.290079531015,6.972356692461637,3
552,4.318250575984125,5.200430043421558,4
553,-4.357524112881649,11.578328400394417,0
554,-3.5911529234053505,8.68274007876231,0
555,-3.2508619083266046,9.73286053455702,0
556,5.792317653774782,2.0758148380044976,1
557,6.048688769128318,1.1655210666083238,1
558,-8.414412312804552,-8.896180828907958,2
559,1.7460264464339192,3.9496689588059923,4
560,-0.5452855877422114,7.051694640289129,0
561,0.4923241020027054,9.901772759443537,0
562,8.242582560777905,2.0560754915610158,1
563,-3.7545178245284827,7.872151729246708,0
564,-3.694708828348517,6.893500013638111,0
565,-3.4356986737284934,10.207692796913035,0
566,-8.37509543153577,8.490463461751197,3
567,2.453570990169919,3.6131435615304013,4
568,4.87909044960722,1.7155930130469812,1
569,-5.435044835895181,-8.959894115527707,2
570,3.8367520265957706,1.207567166204183,1
571,-2.8627930350031745,7.267389673447532,0
572,-5.902114552092244,-6.329230053685497,2
573,-5.596768446567796,-6.395025727018757,2
574,-9.628274394756355,7.581894739974555,3
575,1.7094478595435827,3.6724080413554323,4
576,3.435300124830568,1.4347919220189764,1
577,4.447821234143304,7.285271760590594,4
578,2.294438257072446,3.667018745985945,4
579,3.5960580428445947,5.4879886028929095,4
580,2.4605979932946362,2.8215836158246272,1
581,-1.554463463239801,8.579912668967483,0
582,-6.7786892981449585,7.030469767486091,3
583,2.8001464872690036,4.286864509678257,4
584,1.9851704719154917,2.926827044202104,4
585,-4.536515701149003,7.043836844071144,0
586,1.4212771205400117,3.1920621840975105,4
587,5.341162898902234,0.6045923412227605,1
588,-9.681424641142502,7.979806874003736,3
589,-7.239954343543953,-9.216127296704572,2
590,-3.955902604458252,-7.07553507269319,2
591,2.9155717768812357,4.862633820843149,4
592,-6.719498116097027,8.206659273875392,3
593,-0.6029412226398665,4.322488066727293,4
594,-7.971511791228734,10.204016573095082,3
595,-2.8797171895858886,12.822522961423788,0
596,-8.084713245966524,8.825033187732426,3
597,1.0305307611895278,2.042251406262951,4
598,-3.6848082021058364,8.17513642457669,0
599,-7.7215418926829695,-6.432414885476395,2
600,-3.6410886671032126,8.31182626717997,0
601,-6.5955349619594505,-9.00215135427207,2
602,-4.362866053561939,-5.982929587502133,2
603,4.935303290311767,1.8377713273221827,1
604,-6.604497553569212,-5.887504332652029,2
605,-2.4146581364896567,7.019638667499482,0
606,-9.349777928472962,7.582075343709575,3
607,1.1658235075967762,4.109600040053132,4
608,2.1203732632226298,5.788081179572376,4
609,5.936527402772399,4.646352980598914,1
610,2.5143277254223917,5.659661889563907,4
611,3.1877342201710626,1.7066955346236805,1
612,6.274773722551831,2.3293588645624306,1
613,0.3512086704051036,5.448267398974911,4
614,-0.7355220141914784,8.023548876332029,0
615,-9.490778859251549,5.09093862132519,3
616,3.856732479431627,6.115408891026847,4
617,0.9129123454642298,3.7303054144262524,4
618,3.598770585945211,4.089500342897028,4
619,4.717893713432273,3.5050378098000596,1
620,-4.579128409567149,8.00650423644573,0
621,4.909835121804578,2.666905475964927,4
622,-10.801975137155582,9.772930355960419,3
623,5.070801312676984,-0.42106606577854366,1
624,0.47704910146602275,6.28136320886682,0
625,6.384398105724782,-0.929576641430677,1
626,-1.0194371295554747,5.347841903931499,4
627,-10.304003132390726,8.074836769036903,3
628,-6.455937539816624,-7.936095783303047,2
629,2.4405543065761366,3.108944085787651,4
630,-4.941645245236545,-6.090636825202643,2
631,4.761104538690161,1.7552215543918208,1
632,-5.817127165449799,-6.4864415997188205,2
633,-7.157748285513815,6.403870924938749,3
634,1.99511278662135,3.736999859952923,4
635,0.13146263864199215,9.258695066162897,0
636,4.160116204515613,1.453152471546624,1
637,-9.73925327916821,8.622499094812435,3
638,-1.635429879179733,9.893969841168314,0
639,-8.790610901073094,6.245560392016605,3
640,2.056207474206037,6.138560333502509,4
641,-7.225675526680106,-7.834887540472865,2
642,1.5894075269943668,3.1084325880940926,4
643,-5.966375161372483,-9.087058613053895,2
644,-2.2094663812704645,7.270251838001538,0
645,-5.369474024347456,-6.934021450576937,2
646,0.6851286237750815,4.754490247751754,4
647,3.2598623713583406,2.678834805665714,1
648,5.555990755123782,1.895351144666095,1
649,-8.255109542104904,-7.194596003271781,2
650,3.4199354922713203,3.557183118115641,4
651,-0.49918059294965866,3.4017082362932785,4
652,-6.708410686906073,-6.119492352625004,2
653,-4.580805966960353,-5.466365668196259,2
654,2.2584167756175946,4.780168465318082,4
655,4.279409114421769,5.4170265981326535,4
656,-6.530490033956212,-4.671675001607083,2
657,-10.33932237341586,3.233632238606253,3
658,5.045563635883079,4.8787308020443465,1
659,-4.274435159121813,10.299292854075007,0
660,-7.774173637916573,-8.732435304046444,2
661,-2.2167885900460926,6.270747954766636,0
662,-7.75202392814594,-7.657777560100303,2
663,1.8720772332582551,4.788255252055297,4
664,2.6818842328813037,2.761326615307531,1
665,3.866261329139987,3.9961556181333986,4
666,3.8842152837949953,0.8835430683774943,1
667,-6.566147403460744,-4.970312991312564,2
668,-3.9271611915209435,9.454232393831704,0
669,4.628717138384837,4.045091478386768,1
670,-8.405961538997461,9.706623837988037,3
671,-3.917621957152333,7.314422070295496,0
672,-4.592823045929736,-8.484993143502109,2
673,-7.121927745148687,-6.858298926661892,2
674,4.6449171215687395,5.673518847921416,4
675,2.255143421130885,1.8954029054854657,1
676,-8.237984656173209,8.293870765667105,3
677,3.6646747274854734,4.67895062499824,4
678,-8.666589314243296,9.598072757356087,3
679,-7.188977034512799,-6.842469418683604,2
680,-8.584897574450821,5.507958188360519,3
681,-4.759674151438468,9.272773530143548,0
682,4.665686342519652,2.4597840714470713,1
683,-10.512564043485268,7.9459666510069,3
684,-4.687893550223194,-6.972159958778129,2
685,5.8098477931192996,0.3915800874200668,1
686,2.928899903779378,2.9713674861820754,1
687,2.1496704877621116,4.067631720025588,1
688,-6.14765750790157,-7.683289598789957,2
689,3.126399679656534,3.447583678606797,1
690,-3.684102155564444,8.581388802006622,0
691,-2.0454288190877605,10.380049306169624,0
692,1.9757782479619306,3.8700879557393533,4
693,4.914062193364855,0.6034477952796873,1
694,-3.1392892831236914,9.886276033484819,0
695,-6.587891260024697,-9.738538409069953,2
696,-1.8466649486497875,8.9123256504787,0
697,-4.647320102636309,-8.065855480921606,2
698,-7.387044509115655,-8.447647445752548,2
699,2.5502407863272367,4.120483616761939,4
700,5.8594534210324705,1.5167367389057544,1
701,2.1172979496025404,5.355334701092016,4
702,-3.3343082827746464,10.203729064027756,0
703,3.500779767556648,4.473986035701732,4
704,-6.926004953174586,-4.367728584351044,2
705,-7.951040123331072,7.9028416519308005,3
706,-7.5516206804531345,6.917138553634591,3
707,3.356675298390697,4.879771144057119,4
708,5.020089208301624,0.18572167779229898,1
709,-10.476211326630413,3.3023558169043943,3
710,-10.57973628618381,6.353455638584433,3
711,-6.565394645167309,-5.4141719696189305,2
712,2.7379838741991485,6.08457351914905,4
713,1.829872314385407,5.495475922005023,4
714,-4.636315575388369,8.33635842618557,0
715,-1.1604710421106996,9.59217942590942,0
716,1.591052237004138,5.252976301097984,4
717,2.787098182069355,4.1704427336562215,4
718,3.8647698087420466,0.2961406343163442,1
719,-8.776991695865258,7.1177201132188195,3
720,-0.5020953118941471,1.9436612357132232,4
721,-6.884670745878066,-8.501820158145506,2
722,-4.907585963779979,10.909707452029899,0
723,-8.041751445776624,9.603278187878656,3
724,-8.723766654669419,7.185077401031103,3
725,0.47431369898386566,3.8605621135166794,4
726,6.743178709162541,2.0769023765284174,1
727,-2.0946292351623437,9.379763509250166,0
728,-0.17692637803172317,2.5839770994471816,4
729,-4.449277866719921,-6.60303449642824,2
730,-1.7622249753347563,5.1104770032641795,4
731,4.49003633229172,0.5238304325536083,1
732,0.9285211044778849,3.5012792766321783,1
733,2.80758746198191,3.747779110680084,4
734,-5.376542741347589,-8.317231012451431,2
735,3.5332145986046646,2.633225383931126,1
736,-11.629557656236049,7.847202113285304,3
737,3.6602631250384814,2.272741558968643,1
738,-9.773654391736278,8.712382204849835,3
739,0.3508052259054981,4.361571888590098,4
740,3.273656282059836,3.4482681991917072,1
741,-3.5148453718176853,-6.960775909122966,2
742,-9.57839111108567,8.144432541755833,3
743,3.19916827197055,4.92687855140284,4
744,3.1331844436372736,1.713506793387456,4
745,-7.846975609271984,8.66290615901112,3
746,-7.121305411068418,-5.642985680794605,2
747,-2.557794100640091,7.378136875530977,0
748,-2.5593540778066823,11.20478724633793,0
749,-9.697091485593326,6.900065354415323,3
750,-5.4102533897042,-7.629438889460742,2
751,-10.08081680555895,6.711081295045928,3
752,4.5416468401859955,-0.35217562298165594,1
753,-3.8833097345198815,9.661230992166901,0
754,1.358925148964893,4.141218376691318,4
755,2.4691445494510282,6.038082180353311,4
756,-5.9522227493450535,9.015235638329102,3
757,-9.937185394951147,8.231115522880106,3
758,3.3875769165595773,4.862983393836692,4
759,-7.443860996507867,6.264009791501458,3
760,-9.080452240528803,9.719914787697984,3
761,-6.019585610098739,7.514672379014535,3
762,2.596046354564093,3.8236908394549496,4
763,4.27948979604828,6.002331790938575,4
764,-9.251257306244849,9.070361817241931,3
765,-2.950574565549234,10.076843036888896,0
766,-8.309353135134268,-5.888410567056852,2
767,-7.8892315367610335,6.64044694409472,3
768,-2.0553647295689315,8.832085852083564,0
769,-4.189612592930837,8.545984398020995,0
770,5.499712216288897,3.033680478006959,1
771,1.7940064853429063,3.1185878531918805,4
772,8.223997189804415,1.8386858243262223,1
773,-10.824039782742254,4.858390578725617,3
774,-7.50333072111235,-4.845371325311166,2
775,-3.5150195328061606,8.715460115801735,0
776,-7.242286195300254,-7.154999381994916,2
777,3.142218897583046,1.8986167041096857,4
778,-2.4748833790902305,9.71148373594195,0
779,-8.74454075252119,8.045837820284442,3
780,-1.4753444110591756,9.25420172186428,0
781,-9.963472151793633,9.618286443120397,3
782,3.037434336451372,4.884101157881851,4
783,4.888660237534657,0.10368758174659032,1
784,-9.603069984189487,7.8720485230622685,3
785,-0.28877408044925756,7.281344429840733,0
786,4.774447923945478,1.3259842797536727,1
787,-10.236067371499619,7.746031575245955,3
788,-1.7099509080823165,10.60407802445116,0
789,-8.859761545478204,8.134531014940228,3
790,1.613764458382414,1.9729844237455891,4
791,-5.985404880310412,-8.480316471098623,2
792,-8.263654741162554,-8.425134637378026,2
793,0.8888553069738712,4.755137018170634,4
794,-3.058149037437771,6.9653652008133555,0
795,2.8532796460573824,0.044907467390916445,4
796,-8.798874136319231,7.310756320196818,3
797,-2.778502973746322,9.43645240746538,0
798,-1.8022154324801103,10.226343400036491,0
799,-2.734997619385163,9.579957327738676,0
800,0.3009308026307922,4.856830468452039,4
801,-6.915402890539293,-5.238288966312837,2
802,1.3718360186464253,4.443075074142884,4
803,1.8760713289117157,3.925101143454894,4
804,5.0185183923198755,1.9028363307119402,1
805,3.015532778858831,3.5517706371231283,4
806,4.130821739128703,1.8934458107312375,1
807,-3.605752232323482,8.563400005510376,0
808,-7.564842410676781,-5.418284365379246,2
809,-8.233393791532169,-6.946905491874719,2
810,0.29421181423228493,3.332001593106857,4
811,-2.5384598546025576,9.178544464830617,0
812,4.917197501303098,1.7710651072472126,1
813,-4.058066586661189,7.339596854485382,0
814,-2.1704504428603024,6.335693785677405,0
815,5.112522563133385,1.3965419313692777,1
816,1.7696283558372998,8.631802150903713,4
817,4.5473671181218585,0.2777470042732928,1
818,1.9961079758399192,3.617525721596469,4
819,-9.130960316836445,6.132794279605683,3
820,-2.5263431050384306,7.758130008118157,0
821,-9.07658622817091,6.689003646440518,3
822,-1.3084741505699231,8.790372186249524,0
823,-8.511027480128963,5.1452690108136245,3
824,1.473838826202825,2.8700772976230056,4
825,2.8337866773631815,4.617566399135942,4
826,-5.20656191065649,-9.012571259973232,2
827,-1.9310935870668762,8.225071754272758,0
828,3.6418947404800712,2.1221720027093873,1
829,-8.087213975637445,6.065667740991251,3
830,-5.271355210630325,-9.315708883565286,2
831,4.926015972514138,2.8743131276999163,4
832,-1.7881482489606264,9.733586459475413,0
833,5.953476164594498,1.2507070644364084,1
834,-10.974246597034142,9.091140660296759,3
835,3.288985991415955,2.933641727938547,1
836,3.3527308636271815,6.556310277535604,4
837,-6.028572077548115,-6.6188568208570455,2
838,8.950311968065435,3.5405745599491394,1
839,7.390494022311046,2.022538656701152,1
840,-6.512564856268993,6.6835881562779225,3
841,-8.937026045918739,8.004625216855386,3
842,-7.679277776847186,-6.078493699377325,2
843,5.0318349130758495,0.39748501772300493,1
844,4.7997975443549565,2.1835921499873607,1
845,-5.661532368187014,-6.1861549501143,2
846,-5.437230355506691,-6.545804770638828,2
847,8.063931607691657,2.1540793387060506,1
848,-5.035275499263214,-6.603470146706587,2
849,0.54714484805928,2.666527465710039,4
850,1.396049580941924,5.954874462350067,4
851,5.31045059227305,2.4402966313424597,1
852,-8.873365498879211,8.468395734379104,3
853,-8.501273305352015,10.965879275351256,3
854,3.5722131718659376,3.9929179263858714,4
855,3.5424010897792613,4.298627970780163,4
856,-7.633664872932367,6.507214501502189,3
857,-10.00781363119967,10.326731694381447,3
858,-8.227144030815275,8.589031693019376,3
859,-5.957665209409307,-4.065823239003057,2
860,-0.191366747980811,5.41450519562747,4
861,-11.099512298903724,8.954158011738743,3
862,-6.1879849303554355,-6.515166321122477,2
863,-4.778563484263235,-5.689799154317057,2
864,-1.7881308622242833,14.408110215114931,0
865,3.142873570182931,5.217459417659913,4
866,5.447058584506174,2.4089199003016826,1
867,-7.783649487089665,7.857144654334592,3
868,1.7868988888454702,3.5005247471449303,4
869,-2.5351160134420962,8.610164033710127,0
870,1.7494286423704222,5.748729691534799,4
871,-9.651060586362622,8.147532681687556,3
872,-0.9482966237478565,3.3105007739887036,4
873,1.7454598961722745,1.8484016286228282,1
874,0.4949472325628983,3.5863115527844904,4
875,-7.178341940107815,8.330057550429796,3
876,-5.121568615348341,-8.132559816383251,2
877,-7.772463169103112,-7.623505330278491,2
878,-8.793521947943937,6.268737897014047,3
879,-7.0897050129968076,-6.704302558415788,2
880,-7.119591167173401,5.6300254893310155,3
881,-2.5018564434472936,9.08005895946896,0
882,-1.782112503115109,11.16012060640193,0
883,-2.6171400162324963,9.491898892941624,0
884,-2.1158090082237044,8.14250680044949,0
885,0.5349492954585442,4.761081492011617,4
886,3.971751654954236,3.811386435482375,4
887,-9.618816255646978,5.405798744087995,3
888,-7.310516720085471,-6.573299134546432,2
889,-4.713119909289183,-4.365880850942217,2
890,-9.645442317653417,3.6960637064958295,3
891,-2.350273339701003,9.941269072527787,0
892,-8.748063575901842,4.557869722603284,3
893,-9.74731631972842,5.610006542031544,3
894,-10.378795191974273,-3.672789991648908,2
895,-10.36756562717762,6.880551085925981,3
896,-7.318073964471801,7.988100441530637,3
897,-8.226614318991121,8.99042770019958,3
898,-2.3734032720629448,9.84750596381,0
899,1.6877952960266036,3.647897379380346,4
900,2.13771588897248,2.120879456670006,4
901,4.659379844906226,1.9393945619867274,1
902,5.807369852596567,2.6160217948605435,1
903,3.467864920942496,5.738838747479526,4
904,1.9108022871201744,4.794772070670536,4
905,-4.008447120338308,9.689747509538782,0
906,3.1263901775882452,2.835479533662701,1
907,5.543405165647308,3.8892538644860197,1
908,6.09243475818916,1.2591467255440862,1
909,-1.5201022969806859,3.7610456452887537,4
910,-2.4277054172283505,7.41412771123545,0
911,-9.86675596415328,6.18916950367857,3
912,-0.6815272930366896,9.043691506484183,0
913,2.5365024736260526,6.73490870343408,4
914,7.001877125329692,3.2074653436699627,1
915,-6.052710428182037,-5.327924580459876,2
916,-6.109554252516897,-8.235791830085036,2
917,-6.969420876381459,-6.419842218851074,2
918,-8.150962824342459,8.352351815968447,3
919,1.1065942784857823,1.5985655003218695,4
920,0.10288669254990879,9.677652217474824,0
921,-9.93871300134714,5.459796780517814,3
922,4.587190252833314,3.517792318763862,1
923,-6.199906928327557,9.484063855079768,3
924,2.9639034165479994,6.82128626477421,4
925,0.6619808065063753,2.2299861252164064,4
926,-9.868069676261683,9.054053360793315,3
927,-3.351586880173906,11.607475586510834,0
928,-6.538306191871592,-7.669819676307366,2
929,-6.74856376009268,6.943949874039107,3
930,-6.943447614048967,-6.539434364224178,2
931,-1.6875976917323718,12.080924004332292,0
932,6.811491601959633,2.1351141719507343,1
933,2.3613194231916736,2.0404886092666668,1
934,-8.20008487572176,10.35452619836022,3
935,-2.6100117932652176,10.419232185247155,0
936,-2.055480065900037,8.475170935615479,0
937,2.5131823738471586,4.846313538127638,4
938,-3.66116981808432,-7.38808357789147,2
939,5.724380920688024,2.0572930961676947,4
940,2.1279073293264057,1.9186994192648732,4
941,-8.761857906599257,-8.166222318353825,2
942,-2.661461830892351,9.57668253913684,0
943,-1.3576347461082856,7.305105018238891,0
944,2.0833436597856108,6.534523012523962,4
945,-0.8878424001526553,10.122613899746431,0
946,-10.153397307982267,7.121800337488441,3
947,-7.221446480558178,-5.530387557672246,2
948,-6.043267093361469,-5.898467754040689,2
949,-7.50463425152201,-6.608383603218316,2
950,-7.504283997651962,-9.52546661659969,2
951,-4.120588631443974,9.540263353882262,0
952,-2.0988961604345966,8.014194142961406,0
953,-5.190514638039571,-8.023819532658077,2
954,-5.853931083049459,-6.993112805427962,2
955,-3.456888423481092,9.870632932575537,0
956,-0.47759657213969176,10.357265284717611,0
957,5.650219725888631,0.3924972042366113,1
958,-2.0029071879860623,8.111118471751148,0
959,-7.032673900920167,8.265976807276644,3
960,2.0207701467919037,1.4810508062829,1
961,4.418667778217516,1.375536186014344,1
962,-8.55753088051269,8.931615204698904,3
963,-2.4248753291353133,12.462825085677721,0
964,-4.853858153056044,-6.604932906159743,2
965,-6.772076543666913,-8.676298707139944,2
966,-11.025891956277171,6.58284916721389,3
967,-3.3419217949282,-7.6233258753643955,2
968,-12.413817345498746,8.631570791233687,3
969,2.5186113491501283,3.8867936583630662,1
970,3.356691522342719,4.563425387203463,4
971,4.316570493935952,2.9478585946795177,1
972,2.1808788096170457,2.1478623862765955,4
973,-5.214368506656774,-8.598760534467736,2
974,3.897177229573363,1.16702414703818,1
975,-9.025951789978095,7.344086388119579,3
976,-8.994044242524192,6.058052217447997,3
977,-3.180041556036156,8.754363560868978,0
978,-7.296216095855259,-4.954120054639679,2
979,2.3207755143969404,3.1086944914865624,4
980,-7.310493587804034,8.17631628476875,3
981,1.1883744232032867,6.085664886360053,4
982,6.9199406000279104,0.041027642439884104,1
983,1.6463573277960104,2.9137824403395065,4
984,-5.9759493375537645,-3.8515529806483024,2
985,4.262053926817382,0.6029004818455017,1
986,3.9967735768717594,0.7833875666900236,1
987,-6.913723620316646,-3.8809310912193378,2
988,1.8342679968054088,5.296583138344603,4
989,-3.5106228160167054,9.965722976706868,0
990,0.5052578174634283,7.9399995401550525,0
991,-2.528093737685858,7.533490827660061,0
992,-6.994638840900866,-5.315895429052568,2
993,-8.783425788523157,-5.835354600837838,2
994,7.228417369151584,3.550360725307592,1
995,-5.48265163708648,8.278229097845257,0
996,2.7524192452801035,3.013739415572533,1
997,-9.691644839659007,7.0617630913190785,3
998,4.590894949532355,4.452290573830446,1
999,-7.404640220499963,8.153060644380359,3
